,clone,genotype,odds_ratio,p_value,p_adjusted,ci_low,ci_high
0,RA1,sgUBR4,0.6694887737895168,8.428718213927233e-48,2.52861546417817e-47,0.6341333103205895,0.7068154454835255
1,RA1,sgUBR5,2.57149225208607,1.1322969629141385e-187,3.396890888742415e-187,2.4102260633548798,2.743548625200073
2,RA1,sgHUWE1,0.5840383271286239,3.669722115412885e-80,1.1009166346238655e-79,0.5525016330463873,0.6173751300506339
